{"cameraMode":{"drawMode":0,"name":"Shaded","section":"Shading Mode"},"sceneLighting":false,"audioPlay":false,"sceneViewState":{"showFog":true,"showMaterialUpdate":false,"showSkybox":true,"showFlares":true,"showImageEffects":true,"showParticleSystems":true},"in2DMode":false,"pivot":{"x":-9.138816833496094,"y":-3.2953386306762697,"z":10.698861122131348},"rotation":{"x":-0.1743658483028412,"y":0.4440523087978363,"z":-0.08854004740715027,"w":-0.8744878768920898},"size":22.301496505737306,"orthographic":false}